Cluster,Gender,Grade,Arrests,Suspended,Expelled
0,1.0000000000000009,10.629032258064518,0.22903225806451966,0.029032258064513816,-2.636779683484747e-16
1,-1.7763568394002505e-15,10.659163987138266,0.19935691318328375,0.06752411575562506,-2.636779683484747e-16
2,0.6794425087108011,9.383275261324044,2.285714285714285,1.0000000000000024,-1.8041124150158794e-16
3,0.6956521739130436,9.195652173913043,3.5217391304347814,0.9999999999999991,1.0000000000000016
