Cluster,Size,Avg_Arrests,Avg_Grade,Pct_Suspended,Pct_Expelled,Pct_Female,Pct_Male
0,321,2.121495327102804,9.461059190031152,96.88473520249221,0.0,33.33333333333333,66.66666666666666
1,587,0.1839863713798978,10.674616695059624,1.0221465076660987,0.0,50.4258943781942,49.57410562180579
2,92,3.5217391304347827,9.195652173913043,100.0,100.0,30.434782608695656,69.56521739130434
