Cluster,Size,Avg_Arrests,Avg_Grade,Pct_Suspended,Pct_Expelled,Pct_Female,Pct_Male
0,310,0.22903225806451613,10.629032258064516,2.903225806451613,0.0,0.0,100.0
1,311,0.19935691318327975,10.659163987138264,6.752411575562702,0.0,100.0,0.0
2,287,2.2857142857142856,9.383275261324043,100.0,0.0,32.05574912891986,67.94425087108013
3,92,3.5217391304347827,9.195652173913043,100.0,100.0,30.434782608695656,69.56521739130434
