Cluster,Gender,Grade,Arrests,Suspended,Expelled
0,0.6666666666666665,9.461059190031156,2.121495327102803,0.9688473520249246,-3.0531133177191805e-16
1,0.49574105621805853,10.674616695059626,0.18398637137991025,0.010221465076663383,-7.632783294297951e-16
2,0.6956521739130436,9.195652173913043,3.5217391304347814,0.9999999999999991,1.0000000000000016
